PM2.5,AQI
91,141
77,128
69,101
91,122
87,116
62,98
15,52
23,49
53,84
55,85
40,73
50,82
74,105
74,102
91,141
83,117
91,135
91,139
51,141
86,123
87,115
91,132
36,75
49,73
74,100
66,92
51,71
85,136
71,104
91,141
78,105
85,114
22,72
37,69
38,72
46,77
61,106
66,93
31,48
58,80
64,87
49,69
74,99
88,118
77,103
68,92
74,99
66,97
53,79
72,98
65,89
74,99
74,100
63,87
66,105
91,141
40,93
32,92
41,94
40,85
42,88
29,86
38,105
41,94
47,88
62,105
69,109
64,101
33,91
27,85
44,94
64,120
79,130
66,114
46,107
66,130
65,141
28,80
37,88
30,65
38,69
77,127
69,134
63,122
52,100
67,110
45,72
58,86
51,91
31,62
34,68
54,88
45,82
41,74
65,110
65,121
48,69
58,109
52,80
46,77
43,81
30,66
35,60
24,44
38,64
28,44
28,45
40,57
22,43
47,82
57,96
91,141
91,141
91,141
80,141
62,132
80,141
91,141
45,101
44,101
56,120
35,93
37,83
56,108
58,107
54,105
91,141
41,69
47,74
49,84
49,92
33,73
33,68
38,85
43,77
61,111
30,56
60,103
34,68
30,66
43,76
91,141
91,141
74,125
55,85
61,96
53,88
33,66
41,70
55,83
62,85
61,84
51,78
42,80
37,72
53,92
40,74
34,64
44,68
56,82
45,66
59,81
85,115
52,83
36,74
50,93
48,74
40,59
45,75
53,89
41,82
40,68
37,62
79,106
63,92
61,97
41,60
42,69
54,77
53,78
57,86
38,59
53,84
44,78
42,68
68,107
42,60
32,47
39,59
48,85
48,90
41,68
43,73
43,73
36,68
39,69
36,61
40,58
29,49
38,63
37,54
44,65
60,85
54,95
45,82
36,60
38,72
44,80
50,80
47,74
41,71
70,105
44,72
34,51
62,84
26,39
43,70
47,81
50,91
37,55
35,55
33,60
36,68
49,84
42,78
33,64
49,86
39,79
44,72
67,91
53,79
40,67
46,81
45,69
49,91
31,60
34,57
32,52
43,73
36,62
36,66
46,88
48,86
38,69
42,62
43,64
76,105
90,123
34,62
30,44
50,74
77,121
37,55
29,49
23,41
36,61
54,82
47,82
34,75
27,51
25,42
43,62
58,89
35,68
47,77
62,94
50,75
56,90
33,64
36,65
59,99
51,92
29,60
43,77
39,72
49,75
59,85
33,57
45,76
12,29
28,41
50,71
79,107
59,92
55,81
91,134
91,124
47,76
49,74
40,64
59,89
71,98
70,98
55,81
63,86
46,68
21,41
46,70
25,43
22,39
26,46
58,86
91,129
79,106
83,111
91,122
75,101
77,104
44,65
41,79
44,81
31,67
84,118
71,98
40,81
73,108
87,119
91,122
86,117
75,111
79,106
72,97
54,78
72,97
91,141
65,94
23,43
75,101
59,83
21,56
79,113
82,111
30,70
69,105
91,141
63,92
71,113
91,123
33,67
54,106
36,95
54,95
91,125
84,138
40,104
65,97
91,141
91,141
84,112
49,77
42,66
91,138
91,141
79,106
88,118
91,141
91,141
91,141
91,141
81,111
34,69
91,134
91,141
91,141
56,92
17,48
34,59
46,67
64,91
88,117
81,109
87,118
91,127
69,94
70,96
31,64
68,99
57,88
50,80
63,91
64,91
53,90
79,110
88,118
45,87
73,101
33,78
31,62
38,70
32,78
38,67
61,83
66,90
59,81
67,91
42,60
58,80
65,90
42,72
55,86
68,95
68,95
54,84
58,86
53,80
80,141
29,77
45,78
48,76
65,92
91,124
35,77
27,68
30,67
37,75
29,52
57,130
38,74
43,106
18,45
46,71
61,141
76,141
52,113
59,93
57,85
42,74
35,88
47,119
42,92
52,99
71,125
42,107
54,140
67,141
59,126
73,139
46,101
32,67
35,82
60,112
64,108
47,74
34,58
37,73
40,78
47,102
51,115
55,88
38,77
48,98
62,101
90,141
53,113
55,115
22,66
25,46
23,49
26,51
30,55
43,79
33,93
40,121
35,96
42,106
66,141
90,141
72,141
40,98
22,62
26,55
30,56
49,95
31,69
52,98
40,69
37,72
53,95
50,84
42,75
57,100
38,64
34,67
22,51
30,67
35,67
60,118
56,100
43,84
36,68
60,132
37,78
44,102
49,101
50,108
54,108
47,92
51,102
91,141
64,120
25,50
32,51
47,76
31,62
33,74
23,65
33,75
88,141
22,47
27,62
30,65
34,84
79,141
47,114
26,70
17,54
39,93
32,80
35,80
37,83
55,107
66,128
41,100
27,71
30,72
25,70
28,68
31,73
38,81
33,78
32,64
38,60
45,77
37,72
36,60
37,65
48,76
29,67
17,49
37,74
76,134
53,98
44,78
45,66
63,86
88,117
47,71
48,81
38,78
39,62
33,52
38,73
36,66
53,80
41,76
40,66
38,72
39,73
46,73
37,76
40,99
30,80
32,65
37,67
25,58
42,82
45,94
43,80
43,74
42,67
47,72
51,73
48,70
51,75
35,67
41,60
36,58
35,74
31,69
25,63
24,45
19,38
26,56
27,66
29,63
46,94
29,63
33,77
62,141
56,114
43,70
36,67
36,75
24,61
37,85
30,62
32,72
34,79
32,72
28,60
33,67
38,78
37,77
28,61
28,58
29,51
33,50
26,45
33,73
32,71
27,58
29,43
20,31
18,33
26,54
28,57
27,64
38,76
26,60
35,60
39,75
40,76
41,77
25,55
42,93
28,54
53,90
53,77
49,107
57,96
33,59
30,52
46,65
40,84
40,111
39,84
39,97
43,87
35,81
29,65
47,96
27,70
36,77
34,79
33,77
42,83
41,68
42,81
60,99
48,80
23,63
45,82
61,105
58,100
24,58
24,46
45,67
35,54
29,50
20,45
49,74
68,93
25,58
31,61
40,56
71,97
51,79
37,63
24,74
35,74
32,49
38,69
64,95
83,112
68,93
56,79
47,68
61,92
39,73
44,99
41,98
40,77
69,93
63,87
76,107
84,112
65,90
28,65
23,45
40,68
85,120
91,141
89,121
91,141
91,141
64,109
32,88
35,76
56,97
91,127
91,139
91,133
87,116
83,111
77,104
91,126
40,58
24,36
43,62
40,63
42,69
72,98
72,101
77,103
91,128
91,133
89,118
85,115
70,95
90,121
91,139
48,73
60,89
82,111
91,141
91,141
91,141
74,100
69,96
73,100
38,68
55,80
54,79
81,109
91,128
76,105
45,70
39,66
59,85
60,89
91,138
88,122
50,125
41,76
54,94
29,63
40,80
12,39
20,56
23,49
60,85
66,91
82,109
75,101
91,127
86,116
35,65
48,73
75,101
74,100
59,88
38,75
45,70
75,105
91,137
77,104
84,113
78,113
28,85
15,52
31,57
41,64
56,79
68,93
73,141
81,141
88,141
62,141
59,128
57,117
45,83
40,71
46,74
47,79
77,141
35,72
32,67
26,61
33,66
54,141
41,129
61,141
66,141
53,140
58,141
42,71
53,88
82,141
41,81
49,86
42,83
42,72
47,103
68,131
54,103
67,112
30,48
57,89
41,67
26,53
33,60
25,68
32,74
36,90
35,85
39,84
44,98
59,141
27,83
34,103
38,88
36,67
33,65
32,77
24,72
25,57
40,86
41,88
34,88
37,85
30,72
25,68
22,48
19,55
40,90
31,77
34,88
31,78
33,83
26,51
38,90
34,79
30,64
41,85
49,100
49,101
44,84
74,141
24,77
50,99
66,123
52,100
47,98
49,84
64,112
35,74
48,95
91,141
32,96
33,92
32,63
60,109
39,72
44,65
41,70
28,66
75,125
24,39
19,32
21,40
39,73
21,45
24,49
31,64
52,86
43,82
32,69
39,68
49,74
42,70
39,84
22,52
31,79
35,74
28,63
19,50
25,53
29,63
48,88
31,66
30,75
49,109
27,55
30,70
35,79
53,96
40,80
33,59
43,76
50,80
32,53
46,77
30,71
36,68
59,112
35,80
44,100
27,69
33,78
37,91
26,82
33,80
31,65
24,55
20,52
20,51
36,71
35,56
20,33
31,63
24,57
30,61
28,80
24,64
34,83
22,46
33,72
32,75
48,94
51,89
23,67
18,51
31,63
30,69
32,83
28,83
31,77
26,61
20,60
19,58
19,57
23,60
28,63
27,72
37,80
39,100
25,77
26,67
39,100
23,63
32,73
27,68
32,63
33,52
46,79
32,67
22,47
17,43
24,52
46,77
41,64
18,34
23,42
16,40
22,53
29,65
31,76
30,55
32,67
43,85
42,83
38,84
40,74
45,87
37,78
23,54
38,78
39,80
24,57
37,73
36,73
26,52
34,67
43,70
39,66
37,70
29,56
34,55
44,74
37,73
36,77
40,87
45,82
41,80
29,67
35,80
32,67
39,67
41,73
42,79
38,79
36,90
68,141
32,81
35,79
29,56
25,64
38,84
37,60
43,70
66,95
53,82
46,81
33,61
51,79
35,77
49,86
50,96
45,84
52,122
49,114
28,49
56,82
34,53
38,66
47,75
30,51
20,41
39,60
49,77
51,98
63,104
76,114
91,138
91,141
91,137
51,102
54,122
68,122
71,121
91,141
91,141
90,141
91,141
66,118
91,130
91,141
91,141
91,141
79,141
89,141
44,103
32,70
47,82
62,96
62,121
91,141
91,141
76,117
49,97
79,121
91,133
91,141
91,141
91,141
54,102
70,113
91,125
91,141
91,137
91,141
91,141
74,112
83,122
73,105
69,100
91,126
91,141
91,141
91,141
91,141
67,141
75,141
91,138
85,115
45,94
34,74
68,101
61,91
50,82
84,113
91,122
68,95
91,128
91,141
91,141
91,141
51,84
47,73
44,68
31,53
25,47
52,77
86,115
91,128
87,117
55,87
39,79
39,67
59,86
74,141
71,138
60,99
54,86
78,107
91,124
91,141
91,141
63,141
56,141
35,102
37,93
39,86
46,81
63,89
66,91
59,88
83,113
62,101
30,86
33,63
61,84
30,55
59,89
91,125
81,109
61,87
68,108
50,132
50,115
66,117
76,119
62,141
70,141
52,117
52,89
64,90
37,63
46,71
53,80
34,92
50,141
42,99
46,101
44,79
30,59
39,68
30,59
43,71
43,70
44,66
45,65
43,63
43,64
48,68
56,78
79,107
45,69
59,84
46,66
48,84
41,72
46,73
40,68
45,90
32,91
43,107
54,120
84,141
58,125
28,59
28,62
34,76
40,79
45,69
60,87
55,98
48,97
66,129
32,50
39,57
39,56
37,60
42,82
47,87
49,107
34,61
45,82
91,141
91,141
32,70
44,93
57,140
42,106
35,92
35,92
40,99
30,65
28,57
36,73
39,87
41,91
37,74
41,94
52,80
69,141
91,141
91,141
88,141
47,82
42,84
47,105
61,120
30,70
37,97
47,106
27,67
27,61
35,73
39,79
30,64
38,90
39,71
39,71
53,114
68,109
36,69
37,69
35,71
37,83
35,86
33,86
58,107
62,131
62,115
43,83
47,88
46,66
37,56
29,58
30,60
32,67
30,65
26,56
41,77
36,84
34,79
29,61
29,58
34,61
37,83
39,85
38,76
41,85
32,69
26,58
32,90
35,89
30,79
32,89
28,88
31,75
36,76
33,78
26,74
24,74
28,77
19,56
32,78
23,48
29,73
30,81
34,81
21,64
24,73
28,94
30,94
35,73
30,78
24,75
26,80
25,70
28,75
29,79
68,141
24,65
32,78
19,54
19,52
31,64
26,48
11,41
18,49
26,69
31,86
23,80
37,83
34,84
28,82
24,68
23,59
21,52
21,50
25,61
20,63
28,81
24,74
20,57
22,53
26,73
25,70
25,70
20,54
22,57
22,56
17,42
26,48
15,42
27,41
37,60
31,46
22,39
29,53
28,47
22,42
34,65
51,92
26,58
34,75
30,76
25,60
26,58
31,71
37,80
26,54
26,60
32,78
40,93
30,73
32,68
39,68
40,71
26,56
39,79
39,63
37,56
43,72
38,71
39,74
31,63
40,74
50,93
39,69
36,70
37,82
33,76
36,75
53,107
50,115
32,56
35,60
29,52
28,58
29,59
19,33
39,56
57,78
46,72
51,78
51,72
69,98
38,62
25,40
38,59
43,70
44,72
39,79
48,90
37,73
34,60
39,61
50,82
54,91
26,69
41,83
52,91
56,94
65,103
57,97
59,122
68,118
73,106
55,92
50,86
62,102
45,109
41,93
61,98
39,76
38,75
47,84
61,100
82,118
59,88
44,80
37,75
45,88
39,75
39,77
49,90
66,106
70,109
82,122
81,113
55,94
52,95
47,88
75,113
91,131
79,108
41,72
40,76
56,86
41,72
43,76
57,96
59,98
82,116
75,109
88,121
50,88
34,68
30,58
64,93
60,89
73,104
91,132
91,141
91,141
50,97
63,115
76,111
88,121
91,141
91,141
91,141
91,141
91,141
91,141
37,89
65,96
91,125
82,110
67,91
38,69
50,83
73,101
79,110
85,114
91,130
91,140
82,117
73,113
67,109
42,124
60,99
79,113
61,91
49,85
53,94
57,94
62,92
73,102
91,123
78,105
38,72
56,83
41,75
60,110
53,91
35,75
53,83
56,83
77,105
71,97
61,93
60,91
91,141
32,81
51,91
53,85
78,106
62,95
47,75
71,100
39,84
32,64
43,72
35,63
34,51
47,68
39,75
50,128
53,95
53,85
60,85
49,75
32,64
57,89
47,95
34,66
35,59
47,68
53,119
42,90
46,83
47,82
55,86
57,93
49,84
44,86
58,141
66,141
89,141
72,141
73,141
71,141
61,141
43,97
34,76
32,78
44,89
61,141
58,123
52,103
44,118
68,141
63,141
56,123
52,109
66,141
91,141
78,141
78,141
50,141
43,97
48,103
74,141
91,141
64,141
64,118
44,94
47,93
52,92
48,97
46,101
47,99
49,83
64,105
45,89
36,78
33,58
23,41
40,64
35,74
43,83
40,85
39,85
28,57
37,75
39,94
38,87
51,114
31,73
27,59
28,77
26,60
41,87
25,44
35,76
43,94
55,122
42,93
44,91
75,141
46,97
55,126
63,108
32,65
38,70
22,60
23,67
28,66
58,141
68,141
57,124
41,100
30,79
31,86
25,67
31,73
35,92
34,71
26,63
34,97
39,86
37,68
24,57
23,75
24,78
27,91
31,102
27,78
29,97
27,61
28,65
38,82
36,72
35,71
29,92
27,65
32,89
26,75
31,75
30,55
27,64
18,50
19,57
22,64
20,64
21,45
21,43
30,53
19,52
24,61
23,54
28,55
24,43
28,75
19,45
29,73
34,88
26,87
20,52
73,141
37,93
27,73
19,44
27,65
24,48
22,61
28,79
19,47
32,85
27,83
30,63
31,60
20,48
27,67
20,54
21,52
18,51
19,39
15,31
27,60
31,90
32,73
20,42
20,50
23,69
24,60
29,74
31,65
30,62
27,56
28,54
21,50
22,58
34,77
39,91
28,63
20,45
25,70
28,87
26,49
31,52
39,68
35,53
18,41
27,70
20,46
23,43
21,54
21,55
19,58
20,45
27,56
24,53
23,65
21,44
24,56
16,30
22,40
16,34
18,32
21,47
27,62
28,65
28,78
25,62
17,43
16,35
17,38
24,50
28,65
30,70
27,63
25,56
26,60
33,63
30,61
23,56
20,58
26,58
24,45
26,64
29,67
32,70
35,64
35,59
36,58
38,64
32,59
24,45
25,46
17,28
28,45
36,67
55,117
54,104
44,80
25,69
37,81
43,81
38,73
41,78
39,79
43,83
50,85
47,73
23,57
24,38
26,41
34,50
34,50
48,73
52,79
29,61
65,93
79,106
78,105
36,82
23,48
26,51
40,61
45,67
53,78
38,65
30,62
59,89
56,84
57,85
74,103
91,141
91,141
91,141
80,141
54,99
56,90
75,141
62,141
44,108
42,100
26,70
29,61
29,61
48,73
45,70
42,89
66,99
74,101
61,85
56,80
68,94
77,105
82,109
72,99
50,79
31,65
27,65
48,75
69,94
65,89
82,111
91,126
52,73
52,74
68,93
59,84
31,62
39,68
55,79
40,70
77,105
58,93
61,88
35,62
21,49
37,62
46,70
26,56
34,63
27,52
52,74
58,81
54,76
44,67
42,67
38,66
23,50
30,57
29,54
25,59
30,68
53,86
29,77
25,62
38,69
40,67
24,50
23,63
31,88
24,63
30,68
38,73
37,77
45,99
35,120
31,80
31,66
31,58
37,61
55,82
39,65
34,59
45,66
42,65
38,57
38,62
43,70
37,57
38,56
34,53
39,60
43,66
37,64
37,63
40,65
31,52
27,52
34,61
27,63
22,58
29,67
24,56
34,64
33,67
34,69
32,61
38,70
31,69
33,93
30,84
28,71
33,73
33,76
36,80
39,86
46,113
55,141
29,84
31,81
32,73
36,87
24,63
32,73
28,68
31,76
42,108
38,97
28,68
18,43
16,48
19,56
21,54
22,48
24,56
25,59
31,73
30,91
23,61
37,87
35,73
30,74
27,74
27,77
36,101
31,74
37,87
37,68
29,58
23,52
17,42
25,58
23,57
18,47
22,57
18,46
14,41
13,43
15,40
16,40
19,47
19,48
91,141
91,141
28,69
49,121
32,79
25,63
36,88
36,86
25,69
23,66
21,66
23,61
20,61
37,87
28,75
17,47
22,52
20,55
16,56
25,61
26,62
19,57
16,55
21,51
18,45
18,51
21,56
20,54
17,52
19,52
19,44
34,55
21,45
22,58
21,49
15,36
13,38
16,45
13,38
10,39
13,47
22,61
17,51
22,64
18,53
20,54
16,57
25,74
22,71
17,55
18,58
20,73
20,50
17,37
17,49
19,55
20,50
12,33
14,54
13,37
17,58
21,62
18,49
17,52
16,55
16,58
21,66
17,48
15,49
17,57
18,66
16,38
19,39
15,34
15,36
15,48
13,34
18,54
20,43
22,52
17,42
15,33
22,48
21,49
19,48
24,58
29,62
12,30
19,45
21,52
12,28
16,32
19,42
19,44
25,57
16,33
16,34
23,45
29,56
31,67
29,63
27,59
30,59
31,63
33,68
33,68
31,65
27,63
28,59
30,55
20,42
21,54
22,43
25,46
17,29
26,47
27,49
25,51
29,60
36,69
31,61
33,63
30,55
24,42
26,42
40,69
44,77
33,66
35,81
40,76
40,63
40,64
25,49
36,61
34,63
44,74
56,92
56,90
52,96
49,87
49,87
44,73
51,85
53,87
47,76
50,74
48,67
50,76
39,64
32,58
46,77
50,81
31,61
31,62
55,102
60,97
53,96
55,131
58,99
79,117
52,83
66,96
46,72
33,70
30,54
47,73
40,63
38,71
47,70
36,65
28,53
40,58
57,79
80,107
84,112
91,128
91,128
77,107
91,132
91,132
88,117
80,109
82,111
86,116
91,120
75,101
35,60
26,45
37,61
36,58
69,95
80,108
65,91
77,105
57,91
30,63
37,72
66,96
69,96
42,69
44,73
68,97
73,99
64,87
91,127
91,126
44,67
34,53
53,73
81,107
59,81
50,69
61,83
48,67
40,59
55,75
55,75
78,104
91,120
47,70
42,65
58,80
75,101
67,89
43,62
36,55
76,102
58,79
67,91
71,96
66,90
56,77
52,72
40,57
32,48
40,59
42,61
47,66
49,69
44,62
40,59
52,73
58,80
45,66
35,57
40,115
34,102
20,53
32,58
40,64
37,64
43,76
54,141
40,102
48,88
57,89
46,76
41,80
41,78
36,68
29,47
27,67
19,58
25,59
23,54
36,66
34,62
30,58
39,71
28,69
36,80
41,79
42,75
40,95
48,111
45,90
38,73
37,58
44,73
44,78
46,103
44,92
35,71
41,82
35,76
39,78
62,141
42,87
28,56
30,59
38,79
40,84
39,90
34,57
31,50
33,51
32,51
35,64
36,62
32,56
32,68
32,76
60,141
31,73
30,70
40,88
47,105
53,126
27,71
30,85
39,81
44,98
42,101
28,61
29,61
26,65
25,59
28,68
35,76
37,79
37,82
36,80
34,86
36,87
38,88
54,141
46,100
35,82
26,46
30,51
27,62
22,51
38,84
34,71
28,68
25,62
33,77
33,69
21,51
30,82
34,81
32,76
31,70
28,64
32,77
25,43
22,40
22,48
17,29
19,41
20,54
27,67
30,54
29,68
23,54
24,61
26,66
25,58
24,67
31,71
37,76
22,43
27,65
32,72
24,46
24,54
29,56
25,54
26,53
22,42
20,41
25,66
20,56
23,57
24,49
19,36
22,56
26,68
33,69
18,43
19,53
35,79
21,59
23,59
17,38
24,62
30,62
29,67
30,79
25,61
18,55
18,47
19,44
18,42
13,29
15,45
19,52
14,32
10,39
15,40
18,48
14,31
18,48
17,55
16,42
16,41
16,38
23,48
14,40
27,70
24,73
18,50
18,50
19,49
26,68
16,47
21,57
16,46
19,38
14,32
16,37
20,55
17,52
18,56
25,65
16,34
19,46
15,50
12,35
17,45
20,57
13,33
14,44
16,46
14,43
12,30
15,41
12,31
17,47
17,63
25,76
33,83
29,73
17,43
10,23
15,43
14,42
18,53
22,64
25,62
23,51
22,58
21,61
21,56
21,43
22,52
21,51
22,54
16,38
18,35
18,38
22,53
17,40
25,63
18,48
17,35
15,26
18,37
26,56
31,70
24,59
18,50
12,34
11,27
17,51
18,38
19,44
22,51
20,53
18,51
22,51
25,54
25,55
19,47
28,64
26,62
29,75
26,63
23,56
19,43
27,62
21,55
31,69
23,50
37,68
43,90
52,93
51,96
43,85
39,70
36,72
25,55
30,45
34,50
49,73
32,59
32,78
24,57
36,75
47,85
46,81
49,80
52,118
52,99
51,87
63,92
70,101
74,103
69,95
80,107
82,110
91,121
81,110
35,80
39,76
48,84
48,80
21,33
29,47
43,64
46,66
53,73
63,87
37,63
65,91
43,66
43,69
58,79
35,52
36,56
51,74
64,87
58,80
53,76
56,77
33,51
46,73
43,70
36,64
27,56
43,77
57,82
40,67
26,45
35,59
36,62
63,90
81,108
65,113
41,88
46,83
64,95
77,108
90,121
49,82
20,44
26,53
45,74
60,89
60,85
37,65
35,64
29,51
23,49
29,60
52,82
51,75
30,58
44,80
66,104
61,94
49,115
31,81
25,52
49,78
63,100
47,81
57,90
63,91
55,85
61,87
64,97
67,109
51,104
48,93
49,119
46,82
37,64
42,65
41,65
45,74
38,65
35,64
38,69
38,63
38,62
47,68
52,74
59,81
60,90
60,91
20,52
27,59
22,49
24,44
28,48
27,50
31,53
29,55
31,63
37,67
44,81
39,77
49,68
37,56
35,86
26,66
26,56
42,74
40,71
36,69
35,69
33,67
40,72
31,57
34,61
26,52
35,62
34,69
44,78
91,141
74,141
91,141
91,141
91,141
91,141
58,141
41,122
51,122
46,103
57,141
57,141
53,140
48,115
59,141
91,141
75,141
40,73
20,32
17,25
21,31
19,30
29,56
40,101
25,55
32,56
26,45
21,34
29,45
28,68
34,71
28,64
33,88
34,91
31,80
32,79
21,42
36,63
33,64
24,50
24,47
20,38
42,78
91,141
84,141
26,50
29,68
53,117
36,80
31,76
48,106
35,83
29,64
54,130
91,141
44,89
32,78
35,78
25,52
24,58
23,52
37,74
17,28
18,39
19,47
25,52
21,44
24,56
30,64
29,59
20,41
23,53
24,62
15,45
26,67
31,73
21,56
26,69
73,141
28,58
27,61
23,53
20,57
23,63
47,101
24,54
21,45
20,40
21,55
16,38
19,52
27,58
18,38
28,61
17,34
18,34
18,45
17,51
14,49
36,85
33,81
20,47
27,56
18,40
20,47
19,51
18,42
19,44
21,46
19,45
14,38
21,56
21,58
23,61
17,40
18,61
21,59
19,56
18,47
18,53
17,43
22,70
20,46
12,33
15,43
20,53
16,56
18,55
14,42
13,39
15,44
14,40
15,42
16,37
16,36
22,56
17,54
18,55
20,69
24,77
21,71
29,70
26,45
15,44
18,62
22,56
18,57
33,72
19,50
17,46
16,46
22,51
28,75
21,57
16,41
11,35
13,34
30,63
17,33
19,57
14,39
16,44
23,54
21,49
20,53
20,52
18,52
20,47
18,48
15,31
21,44
19,49
14,41
15,32
25,57
20,47
16,39
22,55
22,57
21,53
22,58
20,50
17,40
16,39
11,25
10,22
14,30
15,43
15,30
16,34
20,52
28,62
20,46
20,50
20,42
19,42
23,54
28,62
32,66
29,65
29,65
28,64
24,58
26,59
22,44
26,46
30,48
36,60
22,44
32,72
19,45
19,36
19,36
38,82
36,65
28,52
33,54
32,56
30,59
33,60
34,52
34,56
37,58
35,55
36,55
28,47
31,57
42,60
41,62
38,62
37,59
28,54
28,48
30,51
34,58
46,66
60,124
33,90
28,64
39,63
35,58
35,58
24,51
39,68
49,73
43,71
50,81
71,99
71,106
57,87
43,86
39,96
31,72
45,77
69,102
71,101
64,93
65,92
71,100
43,75
36,84
52,85
59,86
57,85
72,100
68,92
70,98
63,87
52,81
64,100
57,86
37,64
24,48
36,55
60,85
58,80
45,67
30,69
34,62
51,77
64,90
76,103
73,104
48,81
43,74
38,70
33,61
37,58
58,80
67,91
69,95
83,110
51,75
79,107
77,102
63,87
71,97
80,107
82,110
75,100
77,103
85,124
46,75
60,86
32,61
38,68
48,73
46,69
56,81
47,81
60,89
62,87
58,81
63,87
61,83
57,78
61,83
66,89
63,86
43,62
33,52
42,61
32,58
44,73
80,106
45,66
43,63
35,56
31,53
39,55
46,64
58,80
57,78
63,85
42,60
30,58
36,64
30,56
71,99
54,79
31,57
20,41
21,42
27,52
23,44
28,54
34,57
37,61
35,58
42,91
38,68
35,91
43,103
38,76
36,72
30,69
38,81
37,75
45,101
43,84
55,117
52,101
49,111
66,141
72,141
91,141
44,101
35,82
79,141
43,111
28,78
19,58
21,50
23,51
32,73
53,141
32,72
25,50
22,51
36,79
41,92
28,68
21,54
22,54
26,62
29,63
29,61
39,90
32,77
31,73
29,73
34,82
32,77
89,141
50,122
42,104
24,42
16,31
20,41
46,118
37,82
26,61
29,65
59,121
68,141
50,98
30,53
31,64
29,65
91,141
77,130
38,60
26,54
27,52
24,46
23,53
21,56
24,61
90,141
34,76
39,75
29,53
45,88
26,51
32,74
26,47
27,41
29,50
23,47
22,56
21,42
26,56
29,62
23,50
23,56
22,52
19,48
17,33
21,47
25,58
21,55
40,86
22,50
24,56
22,59
18,50
23,45
20,41
24,57
19,44
25,56
30,64
20,46
17,44
25,56
25,54
20,52
18,63
18,62
17,56
19,54
18,44
16,40
17,39
34,64
16,39
14,48
14,46
16,38
18,37
17,36
17,45
19,54
22,57
19,48
17,45
19,61
18,45
19,50
24,72
35,83
45,88
26,50
24,48
20,38
21,46
23,52
18,41
18,29
12,29
14,35
18,38
17,35
19,54
20,48
15,35
18,46
18,48
15,40
32,70
15,39
20,59
16,52
15,39
17,40
17,32
20,35
18,35
15,31
19,43
16,44
19,44
19,45
23,47
20,39
19,38
19,41
19,46
17,35
22,43
21,54
22,48
22,47
23,60
19,49
23,41
19,40
22,43
17,32
15,31
13,32
11,22
25,45
21,48
24,45
26,53
21,48
19,42
18,35
19,45
22,50
24,55
24,55
19,43
23,54
25,63
26,66
23,51
22,45
15,35
19,41
24,42
22,44
24,49
19,41
17,41
22,55
26,68
23,60
22,52
27,59
24,51
30,60
27,57
28,65
31,66
25,55
24,60
23,55
29,66
28,43
30,53
26,53
27,63
26,62
29,64
30,57
25,45
25,48
44,92
37,70
32,65
34,67
41,72
37,65
43,62
41,67
34,63
40,67
45,65
36,52
28,44
29,42
19,30
33,60
35,59
29,57
37,58
33,58
27,57
28,49
35,55
43,61
37,57
44,63
54,76
56,82
26,55
29,51
41,61
44,66
50,69
56,78
45,66
36,92
51,90
52,89
36,78
50,79
58,81
48,74
35,73
46,78
58,141
34,105
28,90
30,79
44,87
58,95
60,129
66,131
69,116
79,111
74,102
55,90
67,96
40,80
60,133
72,141
65,134
53,94
57,109
27,58
48,128
66,101
68,98
59,119
67,107
63,88
74,99
76,141
28,61
45,71
38,59
57,79
55,77
74,99
91,122
79,106
57,80
73,98
78,104
82,141
75,141
74,109
66,94
76,102
89,118
81,115
91,141
91,141
29,78
38,78
48,96
53,99
70,102
74,100
62,87
88,115
91,141
39,85
40,80
48,80
32,79
45,98
54,93
64,95
82,110
69,97
34,61
45,78
49,79
52,77
64,88
45,71
56,80
48,68
63,85
74,100
66,101
32,71
29,55
57,78
91,123
91,123
91,123
34,58
48,74
66,89
65,88
44,64
43,66
48,107
48,86
48,67
44,65
33,77
32,63
32,63
41,66
37,61
46,72
44,70
39,69
51,80
51,80
46,78
64,141
30,81
43,93
40,76
43,105
43,109
51,118
54,110
50,105
35,67
48,91
91,141
91,141
50,111
37,76
46,90
38,75
38,68
36,67
32,63
26,53
33,58
33,70
58,125
31,56
42,60
60,105
61,125
53,100
52,93
51,98
78,141
85,141
67,136
45,111
21,39
31,63
36,78
44,96
45,93
91,141
91,141
70,132
46,73
28,41
36,51
31,52
39,75
39,75
31,64
31,63
34,68
33,61
35,69
33,62
45,98
35,59
34,56
26,39
21,33
24,35
30,58
30,60
29,61
25,58
33,67
31,71
39,72
28,50
26,62
30,77
91,141
48,97
26,48
24,52
50,102
31,61
29,49
26,51
30,58
38,77
64,114
38,63
41,77
25,42
19,32
18,32
22,45
28,49
25,46
25,55
22,50
24,54
27,56
23,38
23,55
22,57
22,45
19,38
21,42
48,70
35,66
28,55
22,53
19,48
24,50
25,52
20,47
63,120
30,55
31,59
30,61
24,55
31,60
43,77
18,39
20,48
21,50
18,56
23,59
23,58
21,58
22,50
29,54
24,42
17,27
20,39
20,53
22,61
22,56
19,49
19,46
20,46
18,50
20,57
21,58
19,50
22,64
25,60
26,41
24,47
17,51
13,35
13,36
16,33
21,47
20,43
27,50
30,57
21,38
20,42
14,30
15,29
25,48
20,37
21,52
22,63
16,42
17,37
91,141
40,77
27,54
27,52
26,57
27,58
25,51
21,41
26,55
22,37
19,36
21,39
24,46
17,39
20,48
25,54
29,54
37,73
26,65
26,56
24,41
27,45
41,69
28,43
34,62
32,55
21,35
23,47
23,49
23,48
26,56
25,49
29,61
25,47
29,42
28,42
21,36
21,33
39,70
24,40
21,35
23,33
23,35
31,45
23,41
25,39
22,32
28,42
32,47
27,40
18,27
27,39
30,47
30,49
27,47
25,41
23,34
21,33
24,36
30,48
34,56
33,54
28,43
34,50
26,39
34,55
45,71
39,82
28,63
30,60
26,55
46,71
47,68
39,68
45,79
54,78
36,63
38,64
71,95
75,106
38,76
39,65
65,88
72,97
74,99
56,79
51,80
62,132
44,91
64,105
42,91
58,92
47,81
42,71
23,46
34,65
51,76
70,95
70,94
73,98
70,141
90,141
48,84
47,74
55,80
47,74
41,69
51,77
59,85
34,84
22,63
41,70
58,80
38,63
46,99
45,92
36,73
55,85
48,72
63,89
79,106
85,113
91,124
88,116
83,111
72,96
57,80
54,81
56,79
64,88
67,91
58,80
66,90
79,106
75,106
55,86
66,91
80,107
75,100
58,91
44,79
61,89
76,102
80,107
75,100
63,100
40,109
25,49
31,51
35,53
45,63
47,69
47,71
51,74
66,90
75,100
71,95
62,85
62,84
69,93
61,83
72,97
69,93
41,58
47,65
68,91
56,79
86,130
51,77
52,72
47,70
26,54
29,53
36,58
56,98
91,141
45,114
91,141
65,141
56,110
73,104
91,141
91,141
68,93
73,98
64,89
39,61
57,78
55,76
52,72
39,64
31,72
36,68
68,141
53,105
51,88
37,74
44,71
41,75
36,65
41,74
87,141
65,141
46,89
42,91
43,87
38,72
41,77
35,75
43,88
24,37
35,53
29,46
26,42
34,55
47,100
91,141
55,94
35,76
49,89
35,69
34,59
36,58
41,58
40,56
34,58
31,48
29,49
34,57
33,58
34,60
91,141
71,141
46,95
32,62
26,43
31,51
26,43
28,43
32,59
79,141
30,61
27,52
38,74
38,64
91,141
28,45
31,46
28,47
20,31
21,32
28,51
34,61
37,68
34,61
28,51
25,45
40,67
26,50
28,55
25,53
28,54
52,111
42,75
41,75
32,60
46,78
47,78
29,55
27,55
34,60
91,141
48,67
36,56
31,52
21,36
20,33
20,38
27,58
27,49
24,41
25,43
27,48
25,49
18,31
20,37
23,36
22,46
23,46
21,49
24,55
23,44
24,51
24,51
19,40
20,46
25,50
32,62
20,37
18,37
23,54
22,44
21,57
22,56
20,47
18,40
17,38
20,41
19,39
18,36
21,47
21,45
25,53
20,53
27,55
27,49
21,35
37,60
37,67
35,66
36,67
29,46
17,34
14,29
16,34
19,39
21,51
16,40
58,112
91,141
56,84
32,56
67,108
42,72
29,56
23,49
23,46
19,36
20,43
20,49
23,55
18,32
23,41
23,49
23,49
18,36
20,43
22,36
39,73
18,45
21,49
23,57
19,44
20,34
22,45
20,39
19,37
21,46
21,50
20,45
21,55
26,50
23,45
25,42
19,32
29,55
18,39
18,38
20,38
18,35
29,57
28,44
30,49
25,39
21,36
14,25
14,24
22,40
28,45
20,32
22,32
23,36
26,40
17,28
25,43
30,46
24,37
34,49
35,52
27,47
24,39
21,38
24,45
24,44
30,58
28,47
24,41
33,55
38,54
22,34
20,30
24,39
27,49
23,39
25,43
29,46
29,53
36,58
38,56
32,55
30,57
31,53
29,48
38,55
37,56
29,50
25,39
32,49
34,50
36,53
29,49
26,48
28,50
40,65
35,55
29,51
30,51
46,64
50,70
44,62
28,44
33,49
43,61
41,59
32,66
38,69
42,67
49,71
50,70
47,68
40,66
46,72
33,61
35,62
41,65
59,81
41,81
23,55
30,55
29,43
38,56
53,74
59,80
72,97
57,78
27,45
25,50
45,67
55,77
48,74
60,82
58,80
59,80
43,64
48,68
34,58
40,64
43,63
29,48
36,55
45,64
47,66
53,73
40,57
42,62
63,85
91,121
91,132
77,103
54,74
54,76
59,81
56,77
87,115
81,108
67,90
87,116
56,80
30,56
60,83
64,87
60,82
84,112
57,82
49,86
60,92
59,81
90,119
91,122
40,66
45,75
49,68
32,68
42,63
58,80
62,85
31,67
43,66
67,90
63,85
42,74
65,92
67,98
64,90
63,85
87,115
67,90
34,75
37,89
55,82
91,121
91,141
91,128
61,82
44,61
30,63
29,50
32,52
22,43
27,50
26,60
36,62
47,66
44,63
39,91
50,90
65,92
41,65
35,58
46,82
52,80
45,70
45,73
48,66
47,65
51,70
35,54
45,62
45,66
45,76
46,78
50,88
49,82
34,54
42,59
56,76
39,55
40,56
50,69
52,75
47,82
44,74
85,141
52,104
55,108
36,60
26,52
31,60
31,53
26,48
33,54
38,64
40,65
39,66
29,68
37,79
55,120
91,141
34,80
37,92
33,68
45,94
38,80
60,123
62,118
51,98
64,136
38,81
32,70
36,72
40,91
69,141
33,78
65,141
91,141
47,110
35,72
34,75
91,141
47,92
91,141
80,141
68,141
47,94
39,82
30,62
27,59
28,62
27,53
37,68
27,52
28,58
44,101
26,60
69,128
66,118
51,126
52,106
82,141
63,114
24,55
25,57
23,52
24,72
28,60
40,83
21,70
23,65
26,60
91,141
30,68
28,64
29,68
34,64
30,59
24,59
21,68
22,64
28,58
25,51
20,64
22,61
59,116
41,76
25,66
24,58
22,67
17,59
22,68
25,67
25,78
28,64
25,60
25,52
22,73
27,80
34,82
24,67
24,95
22,77
27,74
28,68
23,72
25,59
23,68
16,72
20,68
25,57
20,62
23,64
19,68
20,79
29,55
22,71
28,54
31,59
26,72
23,63
18,62
17,65
20,71
18,48
23,62
19,63
17,48
17,46
19,53
21,61
25,61
27,68
25,68
25,66
40,78
17,51
19,65
17,69
20,51
22,56
19,58
21,73
21,83
21,82
23,64
17,82
32,65
28,69
22,73
20,53
15,48
21,36
24,46
22,47
13,46
17,48
22,49
21,76
19,79
22,74
18,72
20,73
23,72
17,55
15,51
17,68
50,114
14,46
18,35
17,65
23,62
17,48
15,36
20,52
19,40
21,50
25,59
24,69
22,48
32,63
28,60
30,66
28,62
42,92
38,78
32,67
29,57
26,56
23,57
21,59
31,65
34,74
66,128
42,82
21,40
16,26
23,38
20,38
28,46
36,56
18,56
25,54
20,46
22,44
24,45
26,46
28,50
28,52
21,48
22,39
32,54
30,64
28,62
31,47
24,37
23,33
28,40
23,33
25,36
20,34
29,52
29,52
33,54
36,60
25,36
32,52
31,56
32,54
26,42
26,42
20,32
27,41
34,49
27,44
39,57
46,64
48,66
39,67
35,66
43,68
44,71
38,58
46,64
21,31
17,26
48,84
50,84
43,88
36,62
45,62
37,66
42,68
43,69
50,71
29,64
20,46
30,54
45,68
54,79
58,82
60,82
78,140
35,66
53,75
51,110
60,134
46,82
52,84
47,82
50,88
32,66
39,68
56,85
67,94
75,100
52,75
50,81
68,94
57,84
54,104
36,86
34,73
57,81
75,100
67,90
66,96
91,120
38,64
30,48
65,88
61,82
26,54
33,56
37,60
48,68
66,89
81,108
71,95
81,108
51,70
69,92
59,80
60,81
53,72
35,50
53,72
63,85
57,78
45,64
37,68
54,76
66,95
52,85
48,104
42,84
49,100
60,98
32,80
24,58
33,59
43,64
50,71
71,95
75,112
91,141
91,141
89,141
83,141
68,121
60,106
68,104
63,92
59,84
62,86
59,81
49,69
32,75
33,68
47,71
54,91
46,108
47,81
50,79
62,84
38,77
39,96
31,64
48,71
27,55
24,51
32,58
80,141
91,141
59,118
43,76
51,108
43,90
48,89
51,91
45,92
51,92
74,133
61,124
34,76
32,68
35,62
31,51
42,59
37,57
30,56
88,141
91,141
45,82
57,97
58,89
35,72
38,86
44,92
43,80
53,105
65,115
52,94
41,74
39,68
25,51
25,48
22,50
27,51
27,42
29,52
29,57
31,66
53,110
40,92
46,92
31,67
26,58
23,53
32,69
23,60
27,70
30,64
26,59
18,66
31,57
18,61
24,70
30,85
91,141
39,74
57,88
45,74
57,84
54,82
31,85
25,87
20,61
22,52
32,91
22,58
22,48
24,68
21,74
19,65
21,78
39,83
27,58
21,61
24,57
33,66
36,68
27,64
20,62
84,140
39,63
32,53
23,72
31,62
18,61
19,61
91,141
74,112
48,74
20,48
28,56
43,88
46,92
24,49
22,61
26,82
49,89
27,76
24,89
28,76
31,76
32,78
91,141
47,72
